Names,Intensity
A0A024RBG1,34591000
P0DPI2,82351166.67
A0A1B0GTU1,9753000
A0AVT1,61840500
A0FGR8,51980500
A0MZ66,55365000
A1L0T0,29680800
A3KMH1,2850700
A4D1E9,2560700
A5YKK6,16421833.33
A6NCE7,14769000
A6NDG6,41119833.33
A6NHL2,8240200
A6NHR9,9243350
A6NJ78,14201000
A6NKT7,4728200
A8CG34,2395900
P62308,99865000
A8MXV4,6942500
B1ANS9,38881666.67
E9PAV3,285206666.7
E9PRG8,38794833.33
I3L3R5,30955000
O00116,169900000
O00148,89364000
O00151,56943500
O00154,168618333.3
O00159,60829666.67
O00161,5890316.667
O00170,23852833.33
O00193,20227000
O00203,80820833.33
O00217,20901000
O00231,330788333.3
O00232,220175000
O00233,12260316.67
O00244,4905300
O00264,58703500
O00267,37562500
O00273,64957833.33
O00299,961085000
O00303,242250000
O00330,13838500
O00399,2951400
O00410,1069401667
O00411,7495900
O00422,22927500
O00425,60590000
O00429,152651666.7
O00442,15811333.33
O00483,26558000
O00487,122036666.7
O00505,58394333.33
O00515,62239666.67
O00541,46230666.67
O00567,33471500
O00571,464415000
O00592,9312275
O00625,11525000
O00629,47285000
O00743,15271333.33
O00762,25268000
O00764,41599000
O00767,22324000
O14493,9719575
O14497,36035333.33
O14545,1216100
O14548,12828400
O14561,13092775
O14562,27213000
O14579,58125000
O14617,67334833.33
Q92997,816020
O14672,8055250
O14684,3468400
O14735,7693300
O14737,61197500
O14744,146120000
O14745,71143666.67
O14773,25250333.33
O14776,36940166.67
O14787,9920150
O14818,452120000
O14828,26784000
O14880,19491900
O14893,3071800
O14907,17457000
O14908,19389666.67
O14925,13058000
O14929,71098000
O14944,3118900
O14949,26487166.67
P19105,256660000
O14964,22426833.33
O14974,32100500
O14975,5023900
O14979,39149500
O14980,436496666.7
O15013,1418900
O15031,3973050
O15042,67216000
O15067,52248666.67
O15116,14609333.33
O15126,27386500
O15127,18556500
O15143,57852666.67
O15144,43415666.67
O15145,64023833.33
O15155,14897000
O15160,67343000
O15173,23885333.33
O15212,58483500
O15228,4558500
O15231,2348200
O15235,16965666.67
O15243,1322000
O15258,19661833.33
O15260,89390166.67
O15269,17196000
O15270,18693750
O15294,9856200
O15305,24126833.33
O15347,28175166.67
O15355,152413333.3
O15371,289140000
O15372,146880000
O15382,5896375
O15400,32347000
O15427,154638333.3
O15446,11742540
O15460,4688200
O15479,164646666.7
O15498,26329166.67
O15511,14300750
O15533,4047350
O43143,338876666.7
O43148,25084000
O43156,3169200
O43169,378445000
O43172,38995000
O43175,397520000
O43237,24401666.67
O43242,239680000
O43251,4645500
O43252,54506333.33
O43264,19699200
O43278,5730250
O43290,59639666.67
O43291,7122800
O43301,2836900
O43324,57116000
O43347,2740400
O43390,140688333.3
O43395,16581166.67
O43396,198666666.7
O43399,210806666.7
O43402,4314300
O43432,16176000
O43447,44384833.33
O43464,13372200
O43488,40771333.33
O43491,111125333.3
O43493,3828600
O43583,40118333.33
O43592,16090500
O43598,23720000
O43615,112691666.7
O43617,10698125
O43657,5144600
O43660,34369500
O43665,27370166.67
O43670,50832000
O43676,10808000
O43678,22647666.67
O43681,90975166.67
O43684,113533500
O43688,5229800
O43707,1242510000
O43709,16964333.33
O43719,26448166.67
O43747,82934333.33
O43760,31365166.67
O43765,70029833.33
O43768,1060600
O43776,339186666.7
O43795,9239800
O43809,97375833.33
O43813,22807250
O43818,19818500
O43819,14313000
O43823,11546500
O43837,106553833.3
O43852,119856666.7
O43865,13293750
O43896,2874000
O43920,39602000
O60231,12340220
O60232,34988333.33
O60244,9764300
O60256,14815200
O60264,34377600
O60271,27581166.67
O60306,22728000
O60313,26883833.33
O60341,13371833.33
O60437,13574666.67
O60488,13918100
O60493,37390500
O60502,33999166.67
O60506,887485000
O60524,5240500
O60563,14044600
O60568,11004933.33
O60610,114101666.7
O60664,479521666.7
O60678,4106800
O60684,23154833.33
O60701,158045000
O60716,253953333.3
O60749,14882600
O60762,38046500
O60763,182355000
O60783,25362500
O60784,2391500
Q99880,323003333.3
O60828,10354840
O60832,5675400
O60841,311090000
O60869,37186000
O60884,141585000
O60888,30628000
O60925,16973833.33
O60942,23211500
O75083,394991666.7
O75093,7723100
O75116,11760766.67
O75131,259293333.3
O75146,8214066.667
O75150,12601866.67
O75153,75948666.67
O75170,9892900
O75179,12739333.33
O75208,7533700
O75223,16418833.33
O75251,17030500
O75306,57108166.67
O75312,9315566.667
O75323,10384700
O75340,48466500
O75347,116462000
O75348,24876833.33
O75351,34068000
O75352,15558333.33
O75368,9712700
O75369,945468333.3
O75380,12996000
O75381,3054100
O75390,326556666.7
O75391,9019920
O75396,84633500
O75400,73075833.33
O75431,32457400
O75436,49494333.33
O75438,12821675
O75439,39909333.33
O75475,11671666.67
O75477,101430333.3
O75489,73216833.33
O75494,28973000
O75531,79467500
O75533,411106666.7
O75534,143590000
O75569,8150300
O75607,161543333.3
O75608,44486333.33
O75616,9271983.333
O75629,9151100
O75643,549478333.3
O75663,18486000
O75683,6696400
O75691,15227600
O75694,140081666.7
O75717,15967460
O75718,7042400
O75746,5652100
O75787,3917750
O75821,112599500
O75822,50700833.33
O75832,5430400
O75844,76246333.33
O75874,130138333.3
O75880,6645633.333
O75907,11161500
O75909,13597166.67
O75915,21639000
O75934,22243000
O75935,2176800
O75937,61245333.33
O75940,20703666.67
O75947,248158333.3
O75964,92169666.67
O75976,12169233.33
O76003,65152166.67
O76021,37240500
O76031,27476500
O76070,23869833.33
O76071,20865000
O76094,188465000
O94760,6024700
O94766,4517700
O94776,33515000
O94804,4093200
O94826,206170000
O94874,13342666.67
O94886,428624000
O94888,18316833.33
O94901,791040
O94903,22464750
O94905,5563000
O94906,88745000
O94919,18156000
O94925,48762166.67
O94973,14754000
O94979,23889250
O95139,25259000
O95140,2483400
O95155,3687400
O95159,5002000
O95163,16661200
O95167,9585100
O95168,21794000
O95169,3492500
O95182,9607733.333
O95197,16600000
O95202,183063333.3
O95214,3727400
O95218,28684166.67
O95232,53476833.33
O95239,9051300
O95248,2083400
O95249,9068650
O95260,17494500
O95292,40756000
O95295,1304000
O95298,13231000
O95299,58587500
O95336,39738666.67
O95340,53398000
O95347,10434550
O95372,30583166.67
O95373,288071666.7
O95376,15855000
O95394,12096140
O95399,128190000
O95400,7170700
O95427,49734000
O95433,365015000
O95456,54778333.33
O95470,46768500
O95471,13762000
O95487,13637866.67
O95551,654790
O95563,13210000
O95571,30451250
O95573,134928333.3
O95671,11033840
O95707,2298000
O95716,11058533.33
O95721,3413400
O95747,22620166.67
O95757,29316333.33
O95758,15443800
O95777,33459666.67
O95782,152536666.7
O95793,57571666.67
O95801,16107000
O95816,77199333.33
O95817,36701666.67
O95819,10615550
O95831,88199333.33
O95834,18639333.33
O95861,18922166.67
O95865,6610150
O95881,73796000
O95983,3621100
O95996,16922000
O96000,38294500
O96005,33810500
O96008,293431666.7
O96013,8770350
O96019,32308000
P00167,3947300
P00338,3630416667
P00367,313351666.7
P00374,12905666.67
P00387,200421666.7
P00390,512698333.3
P00403,241140000
P00414,13928000
P00441,450670000
P00491,210585000
P00492,122833333.3
P00505,449296666.7
P00533,27196500
P00558,3020466667
P00568,49604833.33
P00846,34070166.67
P00918,33753666.67
P00966,28468500
P01112,22658833.33
P01889,41017750
P02545,1319633333
P02786,524711666.7
P02794,21432633.33
P03886,14610000
P03915,10107900
P03928,3991300
P04040,76109833.33
P04075,4745600000
P04080,92626166.67
P04083,2549900000
P04156,2936800
P04179,91764833.33
P04181,327478333.3
P04183,66318333.33
P04350,34995666.67
P04406,16956333333
P04424,4420900
P04439,147886666.7
P04632,389395000
P04732,11269000
P04792,1653733333
P04818,18347666.67
P04843,1038546667
P04844,580055000
P04899,90093833.33
Q99878,482233333.3
P05023,807283333.3
P05026,58890166.67
P05067,6250400
P05091,51259666.67
P05141,1242166667
P05161,69944666.67
P05198,404536666.7
P05204,7125266.667
P05386,410796666.7
P05387,1060503333
P05388,2498216667
P05455,290346666.7
P05556,404801666.7
P05783,4363733333
P06132,11818900
P06400,4684533.333
P06454,278746666.7
P06493,117666500
P06576,3170766667
P06703,477020000
P06730,109785666.7
P06733,11291833333
P06737,416233333.3
P06744,1361316667
P06748,3477116667
P06753,170940000
Q16778,2963200
P07099,70015000
P07195,3601450000
P07237,3415616667
P07305,169133333.3
P07311,3492900
P07339,123073833.3
P07355,5846700000
P07384,258151666.7
P07437,2217216667
P07602,33988000
P07686,52876833.33
P07737,3010316667
P07741,207178333.3
P07814,690418333.3
P07858,36058166.67
P07900,4263400000
P07910,310348333.3
P07954,222105000
P08047,4028900
P08133,176183333.3
P08134,12893000
P08195,788456666.7
P08237,70289333.33
P08238,17374166667
P08240,64516666.67
P08243,417998333.3
P08397,122034000
P08559,151950000
P08574,135175000
P08579,34940500
P08621,91857000
P08708,666275000
P08727,3605816667
P08754,25506666.67
P08758,940456666.7
P08865,1508200000
P08962,6010600
P09001,14342666.67
P09012,140440000
P09104,104692000
P09110,46949000
P09132,29472500
P09211,1470750000
P09234,37227833.33
P09382,1557866667
P09417,14672666.67
P09429,741353333.3
P09455,53274333.33
P09496,11255120
P09525,47293833.33
P09543,63228333.33
P09601,37895800
P09622,209460000
P09651,1515083333
P09661,94060500
P09669,39692000
P09874,540395000
P09960,381140000
P09972,426105000
Q71UI9,4739000
P0CG30,3806400
P0DMN0,5935866.667
P0DMV9,2302950000
P0DN76,196186666.7
P0DP25,200733333.3
P0DPB6,6855150
P10155,80953166.67
P10253,34682833.33
P10301,3460900
P10321,32171000
P10412,81089750
P10515,188985000
P10599,704973333.3
P10606,34827000
P10619,12502000
P10620,20750000
P10636,4844200
P10644,89452500
P10768,147126666.7
P10809,10300200000
P11021,3667533333
P11047,5094200
P11142,9049633333
P11166,138412166.7
P11171,108910000
P11172,81347333.33
P11177,120176666.7
P11216,189833333.3
P11233,23335666.67
P11234,25312166.67
P11279,73592666.67
P11310,53129000
P11387,463301666.7
P11413,243761666.7
P11586,499800000
P11717,51554000
P11766,255600000
P11908,111623333.3
P11940,1053183333
P12004,775536666.7
P12081,173521666.7
P12235,8747366.667
P12236,293816666.7
P12268,1199800000
P12270,246108333.3
P12277,1297701667
P12429,579886666.7
P12532,69959833.33
P12814,288230000
P12830,54772833.33
P12931,4403500
P12955,8851300
P12956,2257983333
P13010,1807466667
P13073,203241666.7
P13164,5336800
P13284,12981650
P13473,19028840
P13489,269898333.3
P13498,13638683.33
P13639,7633783333
P13667,1024133333
P13674,46301666.67
P13693,517076666.7
P13797,120830000
P13798,84656000
P13804,249268333.3
P13861,8911650
P13929,8432700
P13984,39923833.33
P13987,9902950
P13995,147783333.3
P14174,417830000
P14209,4788366.667
P14314,385260000
P14324,40118500
P14406,75037000
P14550,141418333.3
P14618,10592933333
P14625,2492933333
P14635,8194350
P63162,135076666.7
P14735,50302500
P14854,13417500
P14866,322613333.3
P14868,496203333.3
P14923,70773333.33
P14927,23506166.67
P15104,18300000
P15121,22216333.33
P15151,10565075
P15153,4075000
P15170,107944166.7
P15311,4749950000
P15374,27568000
P15531,734813333.3
P15559,142871666.7
P15586,12081320
P15880,1281083333
P15924,22601800
P15927,47445500
P15954,15982000
P16070,152408333.3
P16104,121653333.3
P16144,128206666.7
P16403,1329283333
P16422,352538333.3
P16435,105204000
P16615,434425000
P16949,169253333.3
P16989,171621666.7
P17066,490940000
P17096,156126666.7
P17174,459786666.7
P17301,77398666.67
P17480,21673500
P17568,13009500
P17655,206076666.7
P17812,127383333.3
P17844,1016066667
P17858,63130833.33
P17931,81394000
P17980,318136666.7
P17987,2022700000
P18031,28742500
P18077,181933333.3
P18085,199003333.3
P18124,1157183333
P18206,535345000
P18564,30304000
P18583,17390500
P18615,12055000
P18621,943236666.7
P18669,1147066667
P18754,161708333.3
P18858,11474425
P18887,9118180
P19338,3489350000
P19367,109188166.7
P19388,11074666.67
P19404,55098166.67
P19525,55413166.67
P19623,106312166.7
P19784,33959666.67
P19971,14938250
P20042,268058333.3
P20073,64328500
P20290,331823333.3
P20336,2599800
P20337,1553100
P20339,16676500
P20340,172383333.3
P20618,245291666.7
P20645,47990833.33
P20648,6950900
P20674,43189750
P20700,272200000
P20810,95285833.33
P20839,28279333.33
P20962,6760200
P21127,37934166.67
P21281,91159166.67
P21283,32653833.33
P21291,46977500
P21333,3171450000
P21399,72638333.33
P21579,2082600
P21741,1423200
P21796,1116965000
P21912,60536833.33
P21926,31484333.33
P21964,74668833.33
P22059,23851833.33
P22061,106407333.3
P22087,51976166.67
P22102,653793333.3
P22223,50897333.33
P22234,731805000
P22307,66835666.67
P22314,1500916667
P22392,2194450000
P22570,68187166.67
P22626,1104596667
P22694,28052166.67
P22695,329565000
P22830,19529500
P23193,75413000
P23229,32288833.33
P23246,668333333.3
Q9NRH3,18012800
P23284,1067580000
P23368,61524333.33
P23381,269815000
P23396,1724433333
P23434,39472500
P23526,795603333.3
P23528,1926483333
P23588,294865000
P23634,33749500
P23919,25202333.33
P23921,54840166.67
P24390,19958666.67
P24534,766576666.7
P24539,152215000
P24666,59366666.67
P24752,295225000
P24941,12940250
P25205,268286666.7
P25325,43034833.33
P25398,1161583333
P25490,5473000
P25685,237465000
P25705,2425233333
P25786,348880000
P25787,321165000
P25788,191276666.7
P25789,224908333.3
P26006,139421666.7
P26038,512261666.7
P26196,145513333.3
P26232,82480000
P26358,107000333.3
P26368,435996666.7
P26373,915011666.7
P26440,6967600
P26447,382151666.7
P26583,185928333.3
P26599,1151216667
P26639,510068333.3
P26640,503875000
P26641,1885500000
P26885,43922333.33
P27105,1968200
P27144,36156666.67
P27338,8339600
P27348,913903333.3
P27361,5143500
P27449,6594800
P27635,881130000
P27694,155338333.3
P27695,556825000
P27707,4453933.333
P27708,494996666.7
P27797,1015723333
P27816,464913333.3
P27824,854863333.3
P28066,469371666.7
P28070,187550000
P28072,97640833.33
P28074,262270000
P28288,40610833.33
P28290,16651000
P28331,179560000
P28482,56751833.33
P28838,216466666.7
P29084,15535500
P29144,29805166.67
P29218,27795833.33
P29317,210526666.7
P29372,4380700
P29373,160422333.3
P29401,2183866667
P29590,7613366.667
P29692,717995000
P29966,31963500
P29992,27115200
P30038,4372200
P30040,301071666.7
P30041,1166750000
P30043,165538333.3
P30044,559965000
P30046,134360000
P30048,611791666.7
P30049,82162000
P30050,1242481667
P30084,136905000
P30085,57156500
P30086,441206666.7
P30101,2200283333
P30153,594993333.3
P30154,1473400
P30405,46012600
P30419,74130333.33
P30519,55715000
P30520,87349500
P30533,26397500
P30536,14542750
P30566,132665000
P30626,43973500
P30740,151515000
P30825,7880175
P30837,129161666.7
P30876,20581666.67
P31040,198496666.7
P31150,110783666.7
P31153,121875666.7
P31350,57794000
P31431,5383150
P31641,2783300
P31689,223115000
P31930,399790000
P31937,22741500
P31939,469846666.7
P31942,77639000
P31943,904228333.3
P31946,381368333.3
P31947,650471666.7
P31948,1405183333
P31949,187548333.3
P32119,754588333.3
P32320,26492666.67
P32321,9091200
P32322,320073333.3
P32969,817813333.3
P33176,289440000
P33240,41602500
P33316,89357166.67
P33991,218233333.3
P33992,162558333.3
P33993,213930000
P34896,10695133.33
P34897,614641666.7
P34932,1294516667
P34949,3498900
P35052,848450
P35080,38781666.67
P35221,531165000
P35222,345055000
P35232,1308116667
P35237,89583000
P35241,50281833.33
P35244,34041000
P35249,62602500
P35250,41941833.33
P35251,11478083.33
P35268,156560000
P35269,50540333.33
P35270,110057833.3
P35573,12849500
P35579,1365433333
P35580,24584000
P35606,193945000
P35610,9592850
P35613,309520000
P35637,188798333.3
P35658,5178000
P35659,108974333.3
P35754,21047000
P35914,10403000
P35998,396925000
P36405,53169166.67
P36406,18555000
P36507,15931333.33
P36542,184790000
P36543,23961166.67
P36551,742198333.3
P36578,2344800000
P36639,12563250
P36776,252631666.7
P36871,80149500
P36873,28150666.67
P36915,20923166.67
P36952,71797000
P36957,126938333.3
P37108,158898333.3
P37198,45071833.33
P37235,35578000
P37802,257118333.3
P37837,285508333.3
P38117,122050000
P38159,58161333.33
P38432,4329600
P38606,75425333.33
P38646,2768166667
P38919,595586666.7
P38936,1416500
P39019,531436666.7
P39023,1425050000
P39656,311983333.3
P39687,342766666.7
P39748,228141666.7
P40121,125298333.3
P40222,9845416.667
P40227,1835350000
P40429,442333333.3
P40616,22292666.67
P40763,6521000
P40925,425343333.3
P40926,2733733333
P40937,42048000
P40938,40109000
P40939,378870000
P41091,516168333.3
P41134,1910600
P41214,1499100
P41223,12004333.33
P41227,59919000
P41240,11391483.33
P41250,508486666.7
P41252,579776666.7
P41567,107717333.3
P42025,14304000
P42126,112013333.3
P42166,286965000
P42167,150985000
P42224,29690000
P42285,100702666.7
P42345,20936000
P42677,302625000
P42696,21585666.67
P42704,1402700000
P42766,271768333.3
P42785,8312500
P43034,46663000
P43121,15160000
P43243,439140000
P43246,13138550
P43304,106888833.3
P43307,88508000
P43487,200900000
P43490,213323333.3
P43686,330426666.7
P43897,68951666.67
P45880,875621666.7
P45954,14005800
P45974,224586666.7
P45985,7485200
P46013,6397633.333
P46060,172460000
P46063,15752333.33
P46087,70053666.67
P46108,23636000
P46109,56862000
P46379,68047500
P46459,111403333.3
P46734,15774800
P46776,490478333.3
P46777,1042433333
P46778,326243333.3
P46779,365328333.3
P46781,898478333.3
P46782,1.50E+09
P46783,670840000
P46926,70042500
P46937,4934200
P46940,827445000
P46976,11251316.67
P46977,103176833.3
P47755,41673833.33
P47756,144150000
P47813,76065666.67
P47895,380303333.3
P47897,238803333.3
P47914,300511666.7
P47985,124915000
P48047,288323333.3
P48059,5330425
P48147,282221666.7
P48163,79292166.67
P48426,4534700
P48444,217818333.3
P48449,1323500
P48506,17149400
P48507,33614666.67
P48556,108082166.7
P48634,26224000
P48637,50716833.33
P48643,1856466667
P48651,2904800
P48729,34326000
P48735,48278166.67
P48739,62534500
P48960,14447000
P49006,11997740
P49023,33384166.67
P49189,56351500
P49207,191528333.3
P49247,24562750
P49257,71825333.33
P49321,254638333.3
P49327,4267083333
P49354,6318350
P49366,4484750
P49368,2275233333
P49406,30289500
P49411,1207600000
P49419,124136666.7
P49427,2650200
P49458,64546833.33
P49585,7576900
P49588,484615000
P49589,126391666.7
P49590,7497900
P49591,166993333.3
P49643,4160900
P49711,12390000
P49720,314705000
P49721,186800000
P49736,149555000
P49748,163513333.3
P49750,10755250
P49755,143603333.3
P49756,95185166.67
P49773,197908333.3
P49790,23494833.33
P49792,226985000
P49821,67389666.67
P49840,2397800
P49841,5543666.667
P49902,19863600
P49903,31247000
P49915,228123333.3
P49916,10268550
P50213,144048333.3
P50238,19039800
P50395,457005000
P50402,82353000
P50416,36008833.33
P50453,61277166.67
P50454,706813333.3
P50502,331661666.7
P50552,69841666.67
P50570,123923333.3
P50579,174831666.7
P50583,17921000
P50613,3536800
P50750,19352333.33
P50851,259905000
P50897,14018425
P50914,654866666.7
P50990,2286433333
P50991,1806216667
P50995,164311666.7
P51003,42630400
P51114,172816666.7
P51116,39612333.33
P51148,216280000
P51149,378095000
P51151,1407800
P51398,70169666.67
P51452,2559200
P51532,30325000
P51553,30872166.67
P51570,4846800
P51571,163683333.3
P51572,139508333.3
P51610,47388000
P51636,4992800
P51648,82999333.33
P51659,200381666.7
P51665,203280000
P51784,14285200
P51809,5655400
P51858,209420000
P51965,5898200
P51970,59994166.67
P51991,300756666.7
P52209,377805000
P52272,1619166667
P52292,349116666.7
P52306,16498600
P52434,20885666.67
Q9H1A7,1562500
P52565,544088333.3
P52594,23525250
P52597,408716666.7
P52701,20145500
P52732,8809400
P52758,23653800
P52788,76412833.33
P52789,19894500
P52815,219070000
P52888,41716666.67
P52907,268171666.7
P52926,11221933.33
P52943,11124000
P52948,117446666.7
P53004,14244333.33
P53007,62362333.33
P53041,39838000
P53365,17813200
P53367,19333666.67
P53384,2445300
P53396,676493333.3
P53582,30072666.67
P53597,112272333.3
P53602,26583750
P53611,6028500
P53618,421091666.7
P53621,396575000
P53634,7402200
P53675,22694000
P53680,10100266.67
P53701,16579200
P53801,71512000
P53985,37059666.67
P53990,23660616.67
P53992,41870500
P53999,161288333.3
P54105,21415333.33
P54136,549393333.3
P54577,326561666.7
P54578,101272666.7
P54652,7694000
P54707,10354400
P54709,144470000
P54725,303880000
P54727,417456666.7
P54819,226090000
P54886,270941666.7
P54920,16147000
P55010,213230000
P55011,13043766.67
P55036,129210000
P55060,703660000
P55061,7841800
P55072,1162846667
P55081,8525566.667
P55084,155036666.7
P55145,78258000
P55196,62737666.67
P55209,411656666.7
P55210,9513700
P55263,31819333.33
P55265,150400000
P55327,162201666.7
P55735,84146166.67
P55769,31896000
P55786,398813333.3
P55795,23170000
P55809,47450000
P55884,402886666.7
P55957,46506333.33
P56134,106328400
P56182,8179266.667
P56192,297346666.7
P56270,3971475
Q5VTU8,22615166.67
P56385,67542166.67
P56537,243691666.7
P56545,108890166.7
P56556,21721800
P57088,93433833.33
P57105,15641500
P57678,13101933.33
P57721,19416000
P57735,5101720
P57740,33413000
P57764,9002700
P58107,9041500
P58546,33633800
P59998,69604333.33
P60033,42002000
P60059,80248000
P60174,4511150000
P60228,240030000
P60468,86931833.33
P60510,16101000
P60520,6803700
P60602,8014800
P60660,101254333.3
P60709,313450000
P60763,4066700
P60842,1876716667
P60866,420090000
P60891,16151800
P60900,242293333.3
P60903,214883333.3
P60953,196733333.3
P60981,149595000
P60983,58606666.67
P61006,61542500
P61009,25662000
P61011,92280000
P61019,113074666.7
P61020,5332266.667
P61026,154270000
P61077,69683666.67
P61081,95547666.67
P61086,81971833.33
P61088,307976666.7
P61106,186273333.3
P61158,203845000
P61160,63142000
P61163,102781500
P61201,60514333.33
P61221,382960000
P61224,128506666.7
P61225,14706600
P61247,1346933333
P61254,413468333.3
P61289,139548333.3
P61313,467431666.7
P61326,6434100
P61353,382021666.7
P61421,15680400
P61457,22567166.67
P61513,183396666.7
P61586,269881666.7
P61604,1391850000
P61619,114703666.7
P61758,88022833.33
P61769,64176833.33
P61803,74059000
P61916,69546800
P61923,80691000
P61956,74299833.33
P61960,65429166.67
P61962,24413600
P61964,33850333.33
P61966,2090200
P61970,157926666.7
P61978,2261966667
P61981,319371666.7
P62070,55913200
P62081,1366983333
P62136,51452166.67
P62140,472848333.3
P62191,304908333.3
P62195,282965000
P62241,1094316667
P62244,376010000
P62249,618911666.7
P62256,20871600
P62258,3227516667
P62263,525696666.7
P62266,399911666.7
P62269,765240000
P62273,58070166.67
P62277,935610000
P62280,719100000
P62304,133590000
P62306,76820500
P62312,16095333.33
P62314,143213333.3
P62316,211698333.3
P62318,260546666.7
P62330,42463833.33
P62333,261993333.3
P62424,997781666.7
P62495,189543333.3
P62633,176443333.3
P62701,1859500000
P62750,480231666.7
P62753,809155000
P62760,32313000
P62805,207450000
P62820,593030000
P62826,989565000
P62829,1339566667
P62834,10689000
P62841,224838333.3
P62847,374665000
P62851,556435000
P62854,320310000
P62857,356818333.3
P62861,150872000
P62873,100694333.3
P62875,3287100
P62877,20658250
P62879,173518333.3
P62888,697690000
Q59GN2,30795166.67
P62899,261011666.7
P62906,868481666.7
P62910,538708333.3
P62913,577008333.3
P62917,1041906667
P62937,5150066667
P62942,60219333.33
P62979,1163815000
P62987,2062800
P62993,39199500
P62995,56777333.33
P63000,127736666.7
P63010,284031666.7
P63027,8347600
P63092,15748166.67
P63096,20362166.67
P63098,20744000
P63104,3377433333
P63151,29491000
P63165,13846133.33
P63167,43976333.33
P63172,10835000
P63173,374525000
P63208,61276000
P63218,44181833.33
P63220,305561666.7
P63241,1211716667
P63244,1521366667
P63261,32697500000
P63272,6240000
P63279,146335000
P63313,10514000
P67775,110766833.3
P67809,721723333.3
P67812,27919166.67
P67870,115910166.7
P67936,347781666.7
P68133,1460883333
P68036,306593333.3
P68104,2.10E+10
P68363,1039428333
P68366,59905333.33
P68371,7113433333
P68400,197591666.7
P68402,131173333.3
Q71DI3,40295333.33
P69849,4271800
P78318,20501666.67
P78330,14013560
P78344,260860000
P78345,3880800
P78346,38907500
P78347,94389333.33
P78371,2780600000
P78382,1803100
P78406,29359666.67
P78417,218400000
P78527,2464133333
P80217,11707000
P80297,1739800
P80303,6379900
P82650,36698500
P82663,32936166.67
P82673,23507666.67
P82675,36939666.67
P82909,17065400
P82912,13562666.67
P82914,12556333.33
P82921,18014666.67
P82930,38709000
P82932,23014333.33
P82933,34106666.67
P82979,84392000
P83731,663736666.7
P83881,247668333.3
P83916,14633000
P84022,9241583.333
P84077,601390000
P84085,51830000
P84090,164335000
P84095,66824666.67
P84098,388808333.3
P84103,263476666.7
P98172,1907600
P98175,10042350
P98179,31484600
P99999,349803333.3
Q00059,26545833.33
Q00325,470466666.7
Q00341,189463333.3
Q00403,14394000
Q00577,15617000
Q00610,3108800000
Q00653,99284000
Q00688,40746666.67
Q00765,43344166.67
Q00796,314421666.7
Q00839,1388483333
Q01082,44106500
Q01085,50657500
Q01105,424696666.7
Q01130,254451666.7
Q01469,820446666.7
Q01518,551135000
Q01581,7086200
Q01650,151641666.7
Q01658,34153200
Q01780,27253500
Q01813,799266666.7
Q01844,82878000
Q01970,47365000
Q01995,21453000
Q02127,9216500
Q02218,100196166.7
Q02241,6030200
Q02543,497045000
Q02750,48771333.33
Q02790,773286666.7
Q02809,76284166.67
Q02818,5219000
Q02878,1683450000
Q02952,2234866667
Q02978,91056166.67
Q03135,86330500
Q03169,28094000
Q03252,132903333.3
Q03518,8908100
Q03519,4330600
Q04206,13818200
Q04323,19444500
Q04446,12047500
Q04637,717208333.3
Q04721,1011300
Q04760,302013333.3
Q04837,208838333.3
Q04917,212888333.3
Q04941,21793000
Q05048,14115000
Q05086,16172000
Q05397,6784300
Q05519,69619000
Q05639,1026236667
Q05682,50787833.33
Q06124,38530166.67
Q06203,60643000
Q06210,186395000
Q06265,17949666.67
Q06323,253835000
Q06546,1543800
Q06587,14353000
Q06830,3483266667
Q07020,921540000
Q07021,1128740000
Q07065,273505000
Q07157,35664500
Q07666,212488333.3
Q07812,14356000
Q07817,6900300
Q07866,58691833.33
Q07955,278383333.3
Q07960,34281333.33
Q08209,48235833.33
Q08211,561026666.7
Q08257,43188000
Q08379,10947466.67
Q08380,50855000
Q08752,73777166.67
Q08945,271176666.7
Q08AM6,5742400
Q08J23,124380000
Q09028,276230000
Q09161,61486833.33
Q09666,1151446667
Q0VDF9,29124166.67
Q10567,65116333.33
Q10570,13421833.33
Q10713,68790333.33
Q12765,25724333.33
Q12769,46928833.33
Q12788,26193600
Q12789,13086620
Q12792,74972666.67
Q12797,70520333.33
Q12834,7415350
Q12849,138866666.7
Q12874,117805000
Q12894,13769820
Q12904,160398333.3
Q12905,267663333.3
Q12906,345995000
Q12907,29464333.33
Q12931,572963333.3
Q12959,8821300
Q12962,5168400
Q12965,19496200
Q12972,23513750
Q12974,2935700
Q12981,9961200
Q12996,6155066.667
Q13011,24115666.67
Q13042,1475100
Q13045,21376000
Q13049,5139900
Q13084,16907250
Q13085,15983833.33
Q13098,33368500
Q13123,22794000
Q13126,569628333.3
Q13131,5422875
Q13136,12567000
Q13148,134268333.3
Q13151,258218333.3
Q13155,147858333.3
Q13162,325813333.3
Q13177,116030000
Q13185,139976666.7
Q13200,678416666.7
Q13206,4052900
Q13217,6711800
Q13232,7905060
Q13242,10268080
Q13243,45189333.33
Q13247,92748166.67
Q13257,17464750
Q13263,1098760000
Q13283,465273333.3
Q13308,24048333.33
Q13310,162085000
Q13330,1690900
Q13347,183025000
Q13363,29407500
Q13404,90340666.67
Q13405,28577200
Q13409,12620500
Q13418,6135840
Q13425,7590100
Q13426,13900950
Q13428,85363333.33
Q13435,280228333.3
Q13442,89222333.33
Q13443,28507166.67
Q13444,4199300
Q13451,41460166.67
Q13492,28173000
Q13501,110263666.7
Q13505,20493333.33
Q13509,162238333.3
Q13526,19922666.67
Q13547,80168500
Q13555,6825366.667
Q13557,97773666.67
Q13561,98053166.67
Q13564,21315666.67
Q13573,35333333.33
Q13595,9258325
Q13596,26823833.33
Q13601,27668500
Q13616,32073833.33
Q13617,30759833.33
Q13618,34013833.33
Q13619,2191700
Q13620,62013333.33
Q13630,18521500
Q13641,2911000
Q13685,4498433.333
Q13724,73034833.33
Q13740,63465833.33
Q13751,1071400
Q13795,1835500
Q13813,39622833.33
Q13823,13954000
Q13838,818383333.3
Q13867,58630166.67
Q13868,19913000
Q13885,74978166.67
Q13895,16980166.67
Q13907,15568400
Q13951,8090233.333
Q14008,88615833.33
Q14011,54065166.67
Q14019,233056666.7
Q14103,734098333.3
Q14108,8795866.667
Q14116,91875833.33
Q14119,3804200
Q14126,14529000
Q14137,27443833.33
Q14139,5949100
Q14146,5763900
Q14152,705188333.3
Q14155,4858275
Q14157,161521666.7
Q14165,81779000
Q14166,194355000
Q14192,24349750
Q14197,15067000
Q14203,89768666.67
Q14204,1010173333
Q14232,9650900
Q14240,65912833.33
Q14244,7462100
Q14247,127715000
Q14257,41960500
Q14258,199243333.3
Q14315,80034000
Q14318,13406100
Q14320,57483166.67
Q14331,2655800
Q14344,9597083.333
Q14353,30669500
Q14376,43637666.67
Q14444,158468333.3
Q14493,4612400
Q14498,109733333.3
Q14517,23912166.67
Q14554,13928516.67
Q14558,26906000
Q14566,184601666.7
Q14573,10809833.33
Q14651,34265833.33
Q14669,23624000
Q14677,66751166.67
Q14683,37335000
Q14684,61412500
Q14689,11495000
Q14690,21175400
Q14691,1865400
Q14692,29322000
Q14694,102472333.3
Q14696,37269000
Q14697,1041943333
Q14738,27074333.33
Q14739,52804833.33
Q14764,105236166.7
Q14789,4731300
Q147X3,1581300
Q14839,86689333.33
Q14847,152216666.7
Q14914,19789250
Q14919,19076500
Q14966,7241500
Q14974,1388583333
Q14978,130135000
Q14980,7361600
Q14C86,26604500
Q14CX7,29920500
Q15003,10177400
Q15005,56528833.33
Q15006,10698500
Q15008,169073333.3
Q15018,3762300
Q15019,204965000
Q15020,89209333.33
Q15021,28755666.67
Q15024,13501250
Q15029,305538333.3
Q15041,14117166.67
Q15043,12436166.67
Q15046,350495000
Q15050,4932800
Q15056,288061666.7
Q15057,1613900
Q15067,9147900
Q15070,12012775
Q15075,11274833.33
Q15084,645738333.3
Q15102,96920666.67
Q15125,22556400
Q15149,2161600000
Q15155,129815000
Q15181,506603333.3
Q15185,416846666.7
Q15233,721213333.3
Q15257,16734000
Q15269,17379000
Q15286,30514600
Q15287,29917833.33
Q15293,35325333.33
Q15363,51743833.33
Q15365,500268333.3
Q15366,635428333.3
Q15369,66979833.33
Q15370,80436833.33
Q15382,14860333.33
Q15386,15428000
Q15388,40242833.33
Q15392,12275500
Q15393,339678333.3
Q15404,14236833.33
Q15417,65039666.67
Q15418,20003500
Q15424,9011433.333
Q15427,53608333.33
Q15428,14226333.33
Q15435,22753166.67
Q15436,39013500
Q15437,89412166.67
Q15459,294566666.7
Q15526,6871900
Q15554,10114800
Q15555,7380033.333
Q15599,3550000
Q15629,16621500
Q15631,124541666.7
Q15637,228275000
Q15642,18641500
Q15645,14110750
Q15654,64680333.33
Q15691,140630000
Q15717,88565333.33
Q15738,26760166.67
Q15746,8836266.667
Q15758,191563333.3
Q15773,1684900
Q15785,69539333.33
Q15800,4111300
Q15813,5528100
Q15819,16074333.33
Q15833,21365666.67
Q15836,65098500
Q15843,21719000
Q15847,116738333.3
Q15907,246938333.3
Q15942,140843333.3
Q16181,102116166.7
Q16186,95244833.33
Q16204,32176666.67
Q16401,121066000
Q16527,8318133.333
Q16531,378378333.3
Q16540,19053500
Q16543,336505000
Q16555,42453500
Q16563,25241333.33
Q16576,60803500
Q16625,7072350
Q16629,87928500
Q16630,96552166.67
Q16643,24561000
Q16658,618953333.3
Q16698,46448166.67
Q16718,32353000
Q16740,64251833.33
Q16762,6878700
Q16763,14435000
Q16775,4784866.667
Q16795,86289166.67
Q16822,51394833.33
Q16836,38330166.67
Q16850,22062166.67
Q16851,111646833.3
Q16881,185678333.3
Q16890,2708900
Q16891,375458333.3
Q1KMD3,48926166.67
Q27J81,7995520
Q29RF7,70166833.33
Q2NL82,94339000
Q2TAY7,73535500
Q32MZ4,59111166.67
Q32P28,11747400
Q3LXA3,34780000
Q3MHD2,21991500
Q3YEC7,2327700
Q3ZAQ7,16675000
Q3ZCM7,1042581667
Q3ZCQ8,85483333.33
Q49AR2,9409150
Q4G0J3,8455433.333
Q4G176,16080333.33
Q4KMP7,7018100
Q9BRT8,5664600
Q4VC31,58657500
Q52LJ0,18966000
Q53F19,2937600
Q53FT3,1395700
Q9P0S3,7435925
Q53GA4,8764266.667
Q53GQ0,118906666.7
Q53GS9,84383166.67
Q53H12,47692333.33
Q53H82,23020166.67
Q53H96,3219600
Q53S08,15159000
Q53S33,1909100
Q56VL3,29510800
Q58FF6,177530000
Q58FF8,377678333.3
Q5BJD5,17935600
Q5BJH7,4758800
Q5C9Z4,7688833.333
Q5F1R6,809040
Q5H9R7,13909166.67
Q5JRX3,32110833.33
Q5JTH9,100771500
Q5JTV8,67163833.33
Q5JVF3,7998300
Q5RI15,9506100
Q5RKV6,9957916.667
Q5SRE5,22711833.33
Q5SSJ5,146670000
Q5SW79,4655600
Q5SWX8,9100150
Q5T1M5,1376800
Q5T200,1970100
Q5T280,3480000
Q5T2T1,16258000
Q5T4S7,103491666.7
Q5T653,23357000
Q5T6F2,12916050
Q5T8D3,5357800
Q5T8P6,35923833.33
Q5T9A4,29662000
Q5TAQ9,5891100
Q5TDH0,7763000
Q5TFE4,55955833.33
Q5TGZ0,6138700
Q5TZA2,192005000
Q5U5X0,3117700
Q969Z3,4834500
Q5VTL8,19318000
Q5VTR2,5772000
Q5VU43,8955200
Q5VW32,3102700
Q5VW36,1155100
Q5VWZ2,8060725
Q5VYK3,71078500
Q5W111,3891600
Q66K74,7841400
Q66PJ3,3403700
Q68CQ4,3610500
Q68D10,1723600
Q69YN2,7522575
Q6AI08,8260100
Q6DD87,6738120
Q6DD88,29326833.33
Q6DKJ4,38116166.67
Q6FI81,41205000
Q6GMV2,3624900
Q6GMV3,2146700
Q6IA86,3462200
Q6IAA8,28545666.67
Q6IBS0,102029666.7
Q6IN85,20674500
Q6L8Q7,42660000
Q6NUK1,34135800
Q6NUM9,14882500
Q6NUQ1,1969600
Q6NUQ4,9862366.667
Q6NVY1,37237166.67
Q6NXE6,1822900
Q6NXG1,28046333.33
Q6NXR4,5997233.333
Q6NXT4,14195000
Q6NYC1,11990000
Q6NYC8,7431550
Q6NZI2,88377833.33
Q6NZY4,1753700
Q6P087,1587500
Q6P161,12670500
Q6P1A2,1832800
Q6P1J9,38337000
Q6P1L8,22986000
Q6P1M0,9506200
Q6P1M3,9579125
Q6P1Q9,1260900
Q6P1X6,9577400
Q6P2E9,143908333.3
Q96GK7,3727400
Q6P2Q9,482505000
Q6P3X3,41011000
Q6P4A7,4743750
Q6P587,14159000
Q6P5R6,184718333.3
Q6P996,23551600
Q6PD62,13858000
Q6PI48,3085700
Q6PIU2,29091333.33
Q6PJT7,9229475
Q6PK04,9795666.667
Q6PKG0,18611000
Q6QNY1,3393000
Q6RFH5,1680600
Q6RW13,11235125
Q6S8J3,7715700
Q6TFL3,65805000
Q6UB35,150911666.7
Q6UN15,29275000
Q6UWP7,4278700
Q6UXH1,4994900
Q6UXN9,20753200
Q6XQN6,7351483.333
Q6XZF7,6645400
Q6Y7W6,7915800
Q6ZMU5,86824666.67
Q6ZNB6,23236333.33
Q6ZRP7,964020
Q6ZT62,9317100
Q6ZUT6,3009000
Q70UQ0,31170500
Q712K3,37007000
Q71RC2,27300666.67
Q71U36,15284000
Q71UM5,21075000
Q7KZ85,14729000
Q7KZF4,427246666.7
Q7KZN9,3717300
Q7L014,227710000
Q7L0Y3,82718166.67
Q7L1Q6,121827333.3
Q7L2E3,65484166.67
Q7L2H7,252541666.7
Q7L2J0,19695000
Q7L576,60594000
Q7L5D6,9120600
Q7L5N1,41486333.33
Q7L7V1,3975700
Q9H8S9,26441333.33
Q7LBC6,16927000
Q7LG56,6204000
Q7LGA3,2114000
Q7RTV0,12091833.33
Q7Z2K6,7927375
Q7Z2T5,8117260
Q7Z2W4,20156500
Q7Z2W9,13244000
Q7Z3B4,45578833.33
Q7Z3K3,4645500
Q7Z406,39091333.33
Q7Z417,15465800
Q7Z434,13732880
Q7Z460,9514700
Q7Z478,9125733.333
Q7Z4V5,23859500
Q7Z4W1,105622666.7
Q7Z5J4,2525900
Q7Z5K2,3287400
Q7Z5L9,3689000
Q7Z6Z7,121223333.3
Q7Z739,14774000
Q7Z7A3,8585333.333
Q7Z7C8,4813800
Q7Z7H5,9496360
Q7Z7H8,41038000
Q86TU7,11163050
Q86U38,13241000
Q86U42,65232166.67
Q86U90,14122333.33
Q86UE4,122966666.7
Q86UP2,73915166.67
Q86UV5,11696000
Q86V81,335208333.3
Q86VM9,6558700
Q86VP6,541936666.7
Q86VR2,7306400
Q86WQ0,3663500
Q86WX3,8706900
Q86X29,22256500
Q86X55,38204166.67
Q86X76,7568000
Q86XP3,144943333.3
Q86XZ4,7330200
Q86Y56,22850400
Q86Y82,21228833.33
Q86YP4,5696300
Q8IU81,6251940
Q8IUI8,2897000
Q8IUR0,9103700
Q8IUX4,1692200
Q8IV08,15774000
Q8IV48,22391500
Q8IVD9,3297400
Q8IVS2,19549666.67
Q8IVT2,10578233.33
Q8IWA0,5569200
Q8IWE2,6959300
Q8IWS0,3262000
Q8IWW6,5259200
Q8IWX8,25184333.33
Q8IWZ8,2062200
Q8IX01,1300800
Q8IX12,33500666.67
Q8IXH7,33817500
Q8IXI2,2237300
Q8IXK0,19084000
Q8IXM3,37911000
Q8IXU6,8578800
Q8IY17,10798000
Q8IY37,5032300
Q8IY67,52533166.67
Q8IY81,21247166.67
Q8IY95,4889200
Q8IYA8,17604000
Q8IYB3,177703333.3
Q8IYB8,8374700
Q8IYL3,3182200
Q8IYS1,6967900
Q8IYS2,6170800
Q8IYT4,34480000
Q8IZ73,2955600
Q8IZL8,101830666.7
Q8IZP0,13312000
Q8N0T1,1033100
Q8N0U8,1.40E+07
Q8N122,4459200
Q8N131,5884700
Q8N163,188741666.7
Q8N183,5442500
Q8N1F7,163968333.3
Q8N1G4,155285000
Q8N2U0,18757000
Q8N335,9961050
Q8N357,5532650
Q8N392,35072333.33
Q8N3C0,4649750
Q8N3D4,5321566.667
Q8N3U4,3957400
Q8N4C8,1982600
Q8N4H5,19650000
Q8N4Q1,3801000
Q8N4V1,6614100
Q8N5C6,29805000
Q8N5G0,3703300
Q8N5K1,50134333.33
Q8N5M9,6244850
Q8N5N7,11129800
Q8N684,283011666.7
Q8N6H7,18112000
Q8N6L1,16227000
Q8N6M0,7183350
Q8N6T3,11446000
Q8N766,20585500
Q8N7H5,24576000
Q8N8A6,7268420
Q8N8S7,54343666.67
Q8N983,11119000
Q8N9T8,9752433.333
Q8NB90,5711400
Q8NBF2,35935500
Q8NBJ4,6442500
Q8NBJ5,37642666.67
Q8NBJ7,19952500
Q8NBN7,14650000
Q8NBQ5,32923000
Q8NBS9,376190000
Q8NBU5,26728333.33
Q8NC51,713623333.3
Q8NC56,5719450
Q8NCA5,17461000
Q8NCN5,3401400
Q8NCU7,3594900
Q8NCW5,99533833.33
Q8ND04,1005800
Q8ND24,8196800
Q8ND56,18833166.67
Q8ND83,3163100
Q8NE71,72321166.67
Q8NE86,13718000
Q8NEJ9,10500000
Q8NEW0,9312100
Q8NEZ5,24708000
Q8NF91,27543000
Q8NFH3,17114250
Q8NFH4,16324316.67
Q8NFH5,26002833.33
Q8NFJ5,42026200
Q8NFQ8,16907000
Q8NFV4,23668333.33
Q8NFW8,2822800
Q8NHH9,12219780
Q8NHP8,1542200
Q8NHV4,1076300
Q8NI27,9300775
Q8NI36,19670000
Q8TAA9,1446400
Q8TAE8,25519500
Q8TAQ2,25800000
Q8TAT6,62722000
Q8TB36,3213900
Q8TB61,5479300
Q8TBA6,10368000
Q8TBB5,5156180
Q8TBC4,41931500
Q8TBX8,19058833.33
Q8TBZ6,9747100
Q8TC07,10628000
Q8TC12,31630333.33
Q8TCC3,7392750
Q8TCF1,11382883.33
Q8TCJ2,47478833.33
Q8TCS8,39712833.33
Q8TCT9,80865166.67
Q8TD08,4691600
Q8TD30,27484000
Q8TDD1,19751500
Q8TDN6,29112333.33
Q8TEA8,10173280
Q8TEM1,103740000
Q8TEQ6,118440000
Q8TEX9,96772000
Q8TF05,5291800
Q8WTT2,100816333.3
Q8WTV0,12344000
Q8WU90,52429666.67
Q8WUA2,13053080
Q8WUK0,13168666.67
Q8WUM0,42512166.67
Q8WUM4,270330000
Q8WUW1,11583666.67
Q8WVB6,7636000
Q8WVC0,12410666.67
Q8WVJ2,21148500
Q8WVM0,6930066.667
Q8WVM8,72019666.67
Q8WVV9,17096800
Q8WVY7,23940500
Q8WW12,43712666.67
Q8WW33,7006400
Q8WWC4,14780000
Q8WWH5,4519100
Q8WWK9,3770800
Q8WWM7,112441666.7
Q8WWY3,25686800
Q8WX92,18958833.33
Q8WX93,55961166.67
Q8WXA9,19998333.33
Q8WXF1,90170000
Q8WXI9,12018450
Q8WXX5,31455666.67
Q8WY22,32997166.67
Q8WYA6,14057166.67
Q8WZ42,20947000
Q8WZ82,10634300
Q8WZA0,5484340
Q92499,260611666.7
Q92504,20297000
Q92520,167200000
Q92522,83969000
Q92530,23229000
Q92538,19748833.33
Q92541,508820
Q92542,8377840
Q92544,97835500
Q92552,64735500
Q92572,20727166.67
Q92574,62678000
Q92575,12613640
Q92597,79008500
Q92598,943703333.3
Q92600,18332500
Q92608,41985000
Q92609,5669175
Q92615,13875566.67
Q92616,751568333.3
Q92621,102029666.7
Q92665,44486833.33
Q92688,186025000
Q92733,10829650
Q92734,104287000
Q92769,45335500
Q96FC9,161870000
Q92783,25668000
Q92785,11724200
Q92797,60297833.33
Q92804,25005833.33
Q92820,14447000
Q92841,249366666.7
Q92879,14376400
Q92888,20697000
Q92890,72662500
Q92896,216698333.3
Q92900,183398333.3
Q92905,29715500
Q92917,14599500
Q92922,86743833.33
Q92925,16704200
Q92934,1520500
Q92945,527885000
Q92973,206571666.7
Q92974,4673950
Q92979,61563166.67
Q92990,4335200
Q93008,12594966.67
Q93009,158625000
Q93045,83131000
Q93050,2469900
Q93052,2144900
Q93096,6214716.667
Q969G3,26388500
Q969H8,74901833.33
Q969Q0,9039950
Q969S3,17130166.67
Q969U7,19628200
Q969V3,27059500
Q969X1,1052600
Q969X5,8446100
Q969Z0,30734666.67
Q96A26,63170166.67
Q96A33,115669333.3
Q96A35,10317680
Q96A49,14827500
Q96A72,88564333.33
Q96AC1,7484460
Q96AE4,301958333.3
Q96AG4,993356666.7
Q96AJ9,2138700
Q96AT9,25231000
Q96B26,20981000
Q96B49,24808000
Q96B97,45552166.67
Q96BM9,2557100
Q96BR5,12832840
Q96BW9,2311900
Q96C01,17362000
Q96C19,136888333.3
Q96C23,3014400
Q96C36,113559166.7
Q96C86,7822660
Q96C90,19889000
Q96CB8,1716200
Q96CN7,20047333.33
Q96CP2,8974700
Q96CS3,121500000
Q96CT7,82145166.67
Q96CW1,65142500
Q96D05,5012200
Q96D46,44173333.33
Q96D71,1463000
Q96DB5,19623333.33
Q96DG6,31456166.67
Q96DH6,33573833.33
Q96DI7,62548166.67
Q96DV4,31346500
Q96E11,28166833.33
Q96E29,10613000
Q96EE3,26923000
Q96EH3,9686533.333
Q96EK5,19937400
Q96EK6,6335200
Q96EL2,5509320
Q96EL3,13657600
Q96EP5,61806666.67
Q96ER3,11820916.67
Q96ER9,12224666.67
Q96EY1,17762400
Q96EY4,13371333.33
Q96EY5,24766833.33
Q96EY7,53707833.33
Q96F86,12875666.67
Q96FJ2,66784166.67
Q96FQ6,120729166.7
Q96FW1,72614666.67
Q96FZ5,11960000
Q96FZ7,4734000
Q96G03,21782166.67
Q96G23,36275666.67
Q96G25,3048700
Q96GA7,16450000
Q96GC5,8777000
Q96GD0,3094200
Q96GX9,13226500
Q96HC4,79769333.33
Q96HE7,142591666.7
Q96HJ9,2606900
Q96HQ2,14725000
Q96HR3,4777400
Q96HR9,29646000
Q96HS1,80672833.33
Q96HY6,19324000
Q96I15,1993900
Q96I24,107224000
Q96I25,20452666.67
Q96I99,74549166.67
Q96IJ6,17046666.67
Q96IU4,24509333.33
Q96IX5,58766500
Q96IZ0,13367000
Q96J01,6100600
Q96JB1,10800000
Q96JB2,12113000
Q96JB5,9926850
Q96JP5,8062416.667
Q96K17,54385800
Q96K37,10554266.67
Q96KA5,27235000
Q96KB5,40638333.33
Q96KC8,4344800
Q96KG9,11544500
Q96KP4,154590000
Q96KQ7,10815000
Q96KR1,19600833.33
Q96L92,2075500
Q96LD4,9002060
Q96LR5,8390600
Q96M27,19164500
Q96ME7,3281300
Q96N66,20593000
Q96NC0,3538500
Q96P11,43407166.67
Q96P16,20735666.67
Q96P70,87986333.33
Q96PC3,10364000
Q96PC5,7286683.333
Q96PD2,10233700
Q96PK6,128443333.3
Q96PZ0,29952500
Q96Q11,18813750
Q96QC0,14758000
Q96QD8,91268833.33
Q96QK1,241036666.7
Q96QR8,2407500
Q96RE7,3954200
Q96RN5,6440933.333
Q96RP9,13401660
Q96RS6,87485666.67
Q96RT1,13604500
Q96S44,3276200
Q96S52,4374100
Q96S53,74947000
Q96S55,17790750
Q96S59,9124900
Q96SB4,42314333.33
Q96SK2,14004000
Q96ST2,19957666.67
Q96ST3,8077225
Q96SU4,7169200
Q96T37,8893400
Q96T60,10511000
Q96T76,42348000
Q96T88,8366666.667
Q96TA1,51748666.67
Q96TC7,2411300
Q99417,16680000
Q99426,24088500
Q99436,135835000
Q99439,91421000
Q99442,11805666.67
Q99459,35370000
Q99460,445218333.3
Q99471,125055166.7
Q99497,511506666.7
Q99536,187890000
Q99543,28449000
Q99567,9706300
Q99575,40319500
Q99584,57998000
Q99598,42623000
Q99613,345463333.3
Q99614,22678666.67
Q99615,40088166.67
Q99618,4341200
Q99623,1057578333
Q99627,21941000
Q99643,17991000
Q99653,15859833.33
Q99661,13853500
Q99700,21773000
Q99714,394343333.3
Q99720,8778020
Q99729,198773333.3
Q99733,99763166.67
Q99747,16193500
Q99757,4925800
Q99797,5060900
Q99798,94786666.67
Q99805,64782166.67
Q99808,68551000
Q99816,11205620
Q99828,6502100
Q99829,33854333.33
Q99832,1713050000
Q99848,20287333.33
Q99873,544345000
Q99941,6209600
Q99942,3827250
Q99961,50323166.67
Q99986,16629333.33
Q9BPW8,41167833.33
Q9BPX3,13940500
Q9BQ52,115703333.3
Q9BQ61,16108666.67
Q9BQ67,45448166.67
Q9BQ69,16483250
Q9BQ70,41607666.67
Q9BQ75,3333650
Q9BQ95,5585500
Q9BQA1,64408500
Q9BQB6,12211000
Q9BQE3,9372100000
Q9BQG0,202830000
Q9BQP7,10128000
Q9BQS8,15116000
Q9BR76,19825000
Q9BRA2,70336666.67
Q9BRJ2,32834666.67
Q9BRJ6,2513300
Q9BRK5,11121333.33
Q9BRP1,3892400
Q9BRP8,9505400
Q9BRQ6,2584600
Q9BRQ8,6061000
Q9BRS2,9528750
Q9BRT2,9346100
Q9BRT3,1976500
Q9BRT6,23871166.67
Q9BRU9,11524000
Q9BRX2,11876933.33
Q9BS26,69580333.33
Q9BSH4,15031250
Q9BSJ8,114091000
Q9BT09,5739666.667
Q9BT67,1338500
Q9BT73,16072000
Q9BT78,84205166.67
Q9BTA9,2041700
Q9BTC0,11328340
Q9BTE1,4577200
Q9BTE3,38325166.67
Q9BTE6,19940500
Q9BTE7,15252000
Q9BTT0,132179333.3
Q9BTT6,3932100
Q9BTU6,10153000
Q9BTV4,54129333.33
Q9BTW9,24420750
Q9BTX1,8867300
Q9BTY7,12936880
Q9BU61,5259400
Q9BU76,2417400
Q9BUB7,23144166.67
Q9BUF5,150205000
Q9BUH6,10559866.67
Q9BUJ2,145251666.7
Q9BUL5,2011800
Q9BUL8,45697833.33
Q9BUN8,20214250
Q9BUQ8,32173500
Q9BUT9,1444300
Q9BV38,13306250
Q9BV40,9074683.333
Q9BV44,6747975
Q9BV57,2607600
Q9BV68,13627000
Q9BV86,24403000
Q9BVG4,14727500
Q9BVG9,1764100
Q9BVJ7,1103300
Q9BVK6,99080500
Q9BVL2,32802333.33
Q9BVP2,124583333.3
Q9BVT8,23018500
Q9BVV7,1205300
Q9BW19,10377250
Q9BW27,49746000
Q9BW60,16695000
Q9BW61,3968000
Q9BW72,12181000
Q9BW85,3479450
Q9BWD1,52714000
Q9BWE0,1329500
Q9BWF3,34154333.33
Q9BWJ5,11047000
Q9BWS9,9586300
Q9BWU0,9617950
Q9BX40,11787000
Q9BX68,35873200
Q9BXB5,4374300
Q9BXJ9,207145000
Q9BXK5,17400000
Q9BXP5,154335000
Q9BXS5,12196000
Q9BXS6,4113800
Q9BXW7,101637666.7
Q9BY32,41837833.33
Q9BY43,5563500
Q9BY44,35202000
Q9BY77,29749666.67
Q9BYC8,16319500
Q9BYC9,16761250
Q9BYD1,18131166.67
Q9BYD2,11909516.67
Q9BYD3,32302000
Q9BYD6,36240333.33
Q9BYG3,19804000
Q9BYN0,14372400
Q9BYN8,13521000
Q9BYT8,19430666.67
Q9BZ23,5241100
Q9BZE1,52576000
Q9BZE4,40558333.33
Q9BZE9,8237700
Q9BZF1,54462166.67
Q9BZF9,773440
Q9BZK7,35158666.67
Q9BZL6,1692500
Q9BZZ5,184946666.7
Q9C005,11985000
Q9C0B1,12681440
Q9C0C2,13203333.33
Q9C0C9,29753166.67
Q9C0D9,9146200
Q9C0J8,6677200
Q9GZL7,19393166.67
Q9GZM5,12060000
Q9GZN8,19774750
Q9GZR7,70843166.67
Q9GZS3,18536600
Q9GZT3,88600000
Q9GZT8,9453750
Q9GZT9,7152450
Q9GZU8,4808533.333
Q9GZY8,1659500
Q9GZZ1,114238666.7
Q9GZZ9,11816640
Q9H008,5538100
Q9H061,5424200
Q9H074,28002200
Q9H078,16012000
Q9H089,24641000
Q9H0A0,51856666.67
Q9H0B6,11884800
Q9H0C8,29239333.33
Q9H0D6,110620000
Q9H0S4,78798000
Q9H0U3,10287450
Q9H0U4,109095500
Q9H0U6,9477366.667
Q9H0W9,15652000
Q9H1B7,16844500
Q9H1C4,4188400
Q9H1K1,8298900
Q9Y6I3,1552600
Q9H223,61470333.33
Q9H299,71952500
Q9H2C0,10791000
Q9H2D6,4474375
Q9H2G2,4217400
Q9H2H8,10790166.67
Q9H2J4,18642166.67
Q9H2M9,4527250
Q9H2P0,4500550
Q9H2U2,39000166.67
Q9H2W6,18557333.33
Q9H307,86841666.67
Q9H330,2337500
Q9H3H3,5934300
Q9H3K2,9948966.667
Q9H3K6,78604666.67
Q9H3N1,120591666.7
Q9H3P2,38385166.67
Q9H3P7,22381666.67
Q9H3Q1,9168500
Q9H3S7,21025666.67
Q9H3U1,69514333.33
Q9H3Z4,13203333.33
Q9H444,31135166.67
Q9H4A4,87079333.33
Q9H4A6,29196000
Q9H4I3,1878000
Q9H4L5,3902200
Q9H4M9,42876833.33
Q9H553,13148000
Q9H583,6640800
Q9H5Q4,2961300
Q9H5V8,59966000
Q9H6F5,4454050
Q9H6R4,2433300
Q9H6S3,18023333.33
Q9H6T0,1290000
Q9H6T3,11618233.33
Q9H6Z4,12526450
Q9H773,69205166.67
Q9H788,3263600
Q9H7E9,15741000
Q9H7N4,5271100
Q9H7Z3,1466200
Q9H7Z7,61428000
Q9H814,2027200
Q9H832,32567333.33
Q9H840,1985900
Q9H845,67749333.33
Q9H8H0,1999700
Q9H8Y8,52947000
Q9H910,17329500
Q9H936,51842000
Q9H974,10026000
Q9H9A5,2014800
Q9H9B4,275775000
Q9H9E3,1511000
Q9H9H4,9652666.667
Q9H9J2,41451666.67
Q9H9P8,6208300
Q9H9Q2,11913566.67
Q9H9T3,16413666.67
Q9HAB8,5338000
Q9HAK2,15578000
Q9HAS0,2448900
Q9HAT2,1549400
Q9HAU4,5859700
Q9HAU5,5543333.333
Q9HAV4,144215000
Q9HAV7,154536666.7
Q9HB07,38332333.33
Q9HB40,2981300
Q9HB71,477205000
Q9HBH1,3144800
Q9HC07,12673333.33
Q9HC35,12864833.33
Q9HC38,91701000
Q9HCE1,40129666.67
Q9HCG8,6736350
Q9HCN4,10097500
Q9HCN8,19158500
Q9HCU5,24045500
Q9HCY8,34512333.33
Q9HD15,6395800
Q9HD33,18500666.67
Q9HD42,17179833.33
Q9HD45,17325000
Q9HDC9,171278333.3
Q9NP71,1183900
Q9NP72,50558500
Q9NP77,11219875
Q9NP79,80538666.67
Q9NP81,34045500
Q9NP92,31247200
Q9NP97,30062000
Q9NPD3,12524720
Q9NPE3,1530400
Q9NPF4,1498700
Q9NPH2,118880500
Q9NPI6,3198950
Q9NPJ3,8065925
Q9NPJ6,4510400
Q9UKK6,2363400
Q9NPL8,3645700
Q9NPQ8,1036900
Q9NQ29,13578333.33
Q9NQ50,8883200
Q9NQ88,27683333.33
Q9NQC3,318433333.3
Q9NQG5,42732333.33
Q9NQP4,18520833.33
Q9NQR4,36218000
Q9NQT4,16374166.67
Q9NQT5,42196666.67
Q9NQW6,17635666.67
Q9NQW7,81863333.33
Q9NQX3,10045950
Q9NR09,45407000
Q9NR12,50573500
Q9NR28,22775500
Q9NR30,318415000
Q9NR31,45269000
Q9NR33,1499500
Q9NR45,66958666.67
Q9NR56,24588000
Q9NRF9,9276700
Q9NRG9,40346333.33
Q9NRL2,712800
Q9NRL3,5787900
Q9NRN7,14282600
Q9NRN9,1101800
Q9NRP0,42245000
Q9NRR5,18537800
Q9NRV9,6496650
Q9NRW7,7263550
Q9NRX1,11359666.67
Q9NRX2,15104000
Q9NRX4,14340750
Q9NRZ9,15160800
Q9NS69,235370000
Q9NS91,2029000
Q9NSD9,266363333.3
Q9NSE4,99405500
Q9NSI2,8904000
Q9NT62,14375500
Q9NTI5,7485300
Q9NTJ3,18134666.67
Q9NTJ5,8087760
Q9NTK5,441148333.3
Q9NTM9,26704000
Q9NTX5,27267000
Q9NTZ6,41174000
Q9NU22,5243600
Q9NUJ1,304835000
Q9NUM4,5568600
Q9NUP9,22374166.67
Q9NUQ2,12502000
Q9NUQ3,4643983.333
Q9NUQ6,18987200
Q9NUQ7,11682000
Q9NUQ8,13374500
Q9NUQ9,83102666.67
Q9NUU7,91507500
Q9NVA2,81423500
Q9NVD7,7084083.333
Q9NVE7,5074300
Q9NVH1,15996833.33
Q9NVH2,27279666.67
Q9NVI1,11421683.33
Q9NVI7,211885000
Q9NVJ2,37960833.33
Q9NVM6,1882900
Q9NVN8,9957366.667
Q9NVP1,41130666.67
Q9NVP2,11575333.33
Q9NVS2,7607116.667
Q9NVS9,12114666.67
Q9NVU7,17042000
Q9NVV4,11552720
Q9NVX2,12696120
Q9NW13,12147033.33
Q9NW97,1478200
Q9NWH9,3010100
Q9NWS0,6567440
Q9NWT6,4075300
Q9NWU2,20431000
Q9NWU5,15365000
Q9NWV8,2984300
Q9NWY4,2713100
Q9NX02,7687500
Q9NX04,1897400
Q9NX14,14624000
Q9NX20,12774033.33
Q9NX24,1757300
Q9NX40,104045666.7
Q9NX46,3982600
Q9NX47,6882500
Q9NX58,129775000
Q9NX61,14577000
Q9NX63,46727333.33
Q9NX70,1929200
Q9NX76,8533600
Q9NXF1,7908100
Q9NXF7,1735700
Q9NXG2,27994333.33
Q9NXH9,40809666.67
Q9NY12,15225000
Q9NY27,7713600
Q9NY33,68276333.33
Q9NY61,2047500
Q9NY65,6160000
Q9NY93,2479100
Q9NYB0,41899800
Q9NYF8,150123333.3
Q9NYK5,44141500
Q9NYL9,43304333.33
Q9NYP7,5540200
Q9NYU2,116685000
Q9NYY8,12442400
Q9NZ01,80974333.33
Q9NZ45,19124500
Q9NZ52,3880300
Q9NZ63,67985500
Q9NZB2,52843166.67
Q9NZD2,5392700
Q9NZD8,2127800
Q9NZL4,34013833.33
Q9NZL9,37811833.33
Q9NZM1,605426666.7
Q9NZN8,6103000
Q9NZT2,57786666.67
Q9NZZ3,19588000
Q9P003,13974000
Q9P015,20719166.67
Q9P016,6001383.333
Q9P032,12730333.33
Q9P035,77831833.33
Q9P0J0,42049000
Q9P0J1,93525833.33
Q9P0J7,6182666.667
Q9P0L0,354940000
Q9P0M9,4124400
Q9P0U1,29119000
Q9P0V9,14517800
Q9P1F3,57829833.33
Q9P258,214820000
Q9P265,7944100
Q9P287,204068333.3
Q9P289,8215600
Q9P2B2,9223866.667
Q9P2B4,2332500
Q9P2E9,407438333.3
Q9P2I0,21877000
Q9P2J5,404680000
Q9P2R7,26266000
Q9P2T1,13078133.33
Q9P2W9,13015000
Q9P2X0,13273733.33
Q9UBB4,36110166.67
Q9UBC2,18682833.33
Q9UBD5,3378700
Q9UBE0,83133000
Q9UBF2,14679800
Q9UBI6,26702666.67
Q9UBL6,9281900
Q9UBM7,30430000
Q9UBP6,8497175
Q9UBQ0,40735000
Q9UBQ5,114238333.3
Q9UBQ7,110156666.7
Q9UBR2,4584400
Q9UBS4,85425833.33
Q9UBT2,138981666.7
Q9UBU8,1918300
Q9UBU9,26561333.33
Q9UBV2,5828850
Q9UBV8,7698900
Q9UBW8,13351833.33
Q9UBX3,44026666.67
Q9UDT6,17610666.67
Q9UDW1,36495666.67
Q9UDY2,7448400
Q9UDY4,890570
Q9UDY8,2822700
Q9UEW8,96543333.33
Q9UG56,14199000
Q9UG63,36899166.67
Q9UGI8,129235000
Q9UGN5,4335200
Q9UGP4,1750000
Q9UGV2,10336500
Q9UH62,7623850
Q9UH65,5809550
Q9UH99,1426200
Q9UHB6,27563666.67
Q9UHB9,168186666.7
Q9UHD1,386665000
Q9UHD8,240530000
Q9UHD9,9377580
Q9UHG3,18762500
Q9UHI6,17689800
Q9UHJ6,2248700
Q9UHQ4,4746200
Q9UHR4,9158550
Q9UHR5,20024333.33
Q9UHV9,148245000
Q9UHX1,370280000
Q9UHY7,39831333.33
Q9UI09,36121166.67
Q9UI10,8494680
Q9UI12,12520000
Q9UI26,9979575
Q9UI30,60310833.33
Q9UIA9,14652000
Q9UIJ7,17306250
Q9UJA5,3662440
Q9UJC3,5518833.333
Q9UJM3,24788400
Q9UJS0,24316500
Q9UJU6,26614333.33
Q9UJV9,6167300
Q9UJW0,19164666.67
Q9UJX3,6162580
Q9UJZ1,322411666.7
Q9UK22,94252166.67
Q9UK41,17582000
Q9UK45,21727166.67
Q9UK58,6510600
Q9UK59,1715100
Q9UK76,57461666.67
Q9UKD2,64704500
Q9UKF6,18680500
Q9UKG1,2154400
Q9UKK9,240663333.3
Q9UKL0,3627500
Q9UKV3,62658833.33
Q9UKV8,12651500
Q9UKX7,25215166.67
Q9UKY7,184695000
Q9UKZ1,2239400
Q9UL15,4958800
Q9UL25,81899333.33
Q9UL46,178166666.7
Q9ULA0,18565500
Q9ULC4,48022333.33
Q9ULC5,129891666.7
Q9ULR0,2838000
Q9ULT8,12616066.67
Q9ULW0,6443600
Q9ULX3,35064333.33
Q9ULX6,24684166.67
Q9UM00,28356833.33
Q9UMS4,313048333.3
Q9UMX0,155911666.7
Q9UMY4,8195700
Q9UN86,91921666.67
Q9UNE7,20100333.33
Q9UNF0,14747500
Q9UNF1,11921920
Q9UNH7,21471333.33
Q9UNL2,35800500
Q9UNM6,226176666.7
Q9UNN5,10365766.67
Q9UNN8,15257000
Q9UNQ2,20483666.67
Q9UNS2,76662833.33
Q9UNX3,12736320
Q9UNX4,7560200
Q9UNZ2,92739166.67
Q9UP83,3658900
Q9UPN3,13929000
Q9UPN7,7387550
Q9UPT8,7113666.667
Q9UQ35,535191666.7
Q9UQ80,1163016667
Q9UQB8,67723166.67
Q9UQE7,29545500
Q9UQN3,10077000
Q9Y221,5798800
Q9Y224,144431666.7
Q9Y230,451075000
Q9Y241,11079000
Q9Y244,15701000
Q9Y256,2625200
Q9Y262,241408333.3
Q9Y263,22561800
Q9Y265,511431666.7
Q9Y266,338303333.3
Q9Y276,1729500
Q9Y277,176001666.7
Q9Y281,14870400
Q9Y282,9957300
Q9Y285,193185000
Q9Y295,72204833.33
Q9Y2A7,49933000
Q9Y2B0,56029000
Q9Y2H6,4554375
Q9Y2L1,128493333.3
Q9Y2Q3,53223166.67
Q9Y2Q9,9640000
Q9Y2R0,3923100
Q9Y2R4,10486000
Q9Y2R5,45588000
Q9Y2R9,73604666.67
Q9Y2S6,14339783.33
Q9Y2S7,13510750
Q9Y2T2,27355000
Q9Y2T3,46758333.33
Q9Y2U8,30809000
Q9Y2V2,30956333.33
Q9Y2W1,154633333.3
Q9Y2W2,19653940
Q9Y2X3,47217333.33
Q9Y2Y0,3178900
Q9Y2Z0,171318333.3
Q9Y2Z4,43763500
Q9Y305,69571333.33
Q9Y314,47164833.33
Q9Y320,12534666.67
Q9Y333,46516333.33
Q9Y371,10071966.67
Q9Y376,29727833.33
Q9Y383,146943333.3
Q9Y394,23544800
Q9Y399,14559333.33
Q9Y3A5,40737666.67
Q9Y3A6,15097000
Q9Y3B2,4582160
Q9Y3B3,73663500
Q9Y3B4,39342333.33
Q9Y3B7,37648500
Q9Y3B8,14722000
Q9Y3B9,2306400
Q9Y3C1,5133200
Q9Y3C6,20800833.33
Q9Y3D0,11234900
Q9Y3D3,14111060
Q9Y3D7,14165000
Q9Y3D9,34338666.67
Q9Y3E0,19608400
Q9Y3E5,66746500
Q9Y3F4,226980000
Q9Y3I0,168256666.7
Q9Y3L5,2551000
Q9Y3T9,46909500
Q9Y3U8,263761666.7
Q9Y3Y2,24496833.33
Q9Y3Z3,17262800
Q9Y446,17027666.67
Q9Y450,40703166.67
Q9Y490,442681666.7
Q9Y4B6,23820500
Q9Y4E8,21421333.33
Q9Y4L1,859100000
Q9Y4P1,8256200
Q9Y4P3,30899000
Q9Y4P8,4732000
Q9Y4W2,6077700
Q9Y4W6,66455166.67
Q9Y4X5,11272000
Q9Y4Y9,47868000
Q9Y4Z0,38497333.33
Q9Y508,8543400
Q9Y512,42471166.67
Q9Y520,51188166.67
Q9Y547,8936900
Q9Y570,48450166.67
Q9Y584,2878400
Q9Y5A7,3236300
Q9Y5A9,72068666.67
Q9Y5B0,6684266.667
Q9Y5B9,229083333.3
Q9Y5J1,13914000
Q9Y5J7,13536750
Q9Y5K5,42530333.33
Q9Y5K6,24690166.67
Q9Y5L0,64359500
Q9Y5L4,46155166.67
Q9Y5M8,107515500
Q9Y5P6,19861333.33
Q9Y5Q8,6821400
Q9Y5Q9,21992500
Q9Y5S9,85157500
Q9Y5U9,28650000
Q9Y5V0,2833700
Q9Y5V3,1516300
Q9Y5X1,20138333.33
Q9Y5X3,36108833.33
Q9Y5Y2,12136666.67
Q9Y5Y6,15313500
Q9Y5Z4,6745000
Q9Y606,13939483.33
Q9Y617,307368333.3
Q9Y624,84854166.67
Q9Y639,11237300
Q9Y657,6894300
Q9Y676,20974166.67
Q9Y678,354305000
Q9Y679,17514800
Q9Y696,58891000
Q9Y697,5367300
Q9Y6A5,11127700
Q9Y6A9,12176200
Q9Y6B6,33286000
Q9Y6C9,107250000
Q9Y6D9,4821400
Q9Y6E0,38084000
Q9Y6E2,57393000
Q9Y6G9,34503166.67
Q9Y6H1,52955500
Q9Y6I9,11629000
Q9Y6K5,18824600
Q9Y6M1,97635166.67
Q9Y6M7,2980700
Q9Y6M9,53039666.67
Q9Y6N5,11721000
Q9Y6Q5,17912000
Q9Y6V7,14115333.33
Q9Y6W5,2281600
Q9Y6Y8,75400666.67
